shop,ten,gia,sku,ton,moq,pack,bac_gia,url
thegioiic,IC vi điều khiển STM32F103C8T6 LQFP-48,46000,STM32F103C8T6,50,1,,10:43000,
thegioiic,IC NE555P DIP-8,4500,NE555P,200,1,,10:3800|100:3200,
thegioiic,IC LM358 DIP-8,3500,LM358,150,1,,,
thegioiic,Điện trở 10K 1/4W 5% (100 con),18000,R10K-100,80,1,,,
thegioiic,Tụ gốm 100nF 50V,500,C104,999,10,,100:400,
thegioiic,Thạch anh 8MHz HC-49S,3000,X8M,120,1,,,
thegioiic,LED 5mm đỏ,700,LED5R,999,10,,,
nshop,Vi điều khiển STM32F103C8T6,49000,MCU-STM32,30,1,,,
nshop,Module hạ áp LM2596 3A,22000,LM2596-MOD,100,1,,5:20000,
nshop,Module cảm biến nhiệt độ DHT22,89000,DHT22,40,1,,,
nshop,Module RF NRF24L01+,32000,NRF24,60,1,,,
nshop,IC NE555 DIP-8,5000,NE555,80,1,,,
nshop,Thạch anh 8MHz,3500,XTAL8,90,1,,,
hshop,Mạch giảm áp LM2596 có hiển thị,35000,LM2596-LED,50,1,,,
hshop,Cảm biến DHT22 AM2302,95000,AM2302,25,1,,,
hshop,Module NRF24L01 PA LNA,68000,NRF24-PA,20,1,,,
hshop,Vi điều khiển STM32F103C8T6 LQFP48,52000,STM32-48,15,1,,,
hshop,Điện trở 10K 1/4W (gói 100),22000,R10K,60,1,,,
lkthuduc,Điện trở 10K 0.25W 5%,120,R10K-1,9999,50,,100:100|1000:80,
lkthuduc,Tụ gốm 0.1uF 50V,350,C104-1,9999,50,,100:300,
lkthuduc,Tụ hóa 470uF 25V,1500,C470U,500,10,,,
lkthuduc,IC NE555 DIP,3800,NE555-TD,300,10,,100:3300,
lkthuduc,LED 5mm đỏ siêu sáng,500,LED5,9999,10,,100:400,
lkthuduc,Thạch anh 8MHz,2500,X8,400,1,,,
icdayroi,IC STM32F103C8T6,47000,STM32,20,1,,,
icdayroi,IC LM358N DIP8,3000,LM358N,200,1,,,
icdayroi,Module LM2596 hạ áp,24000,LM2596,70,1,,,
banlinhkien,Điện trở 10K 1/4W,100,R10K-BLK,9999,100,,,
banlinhkien,Tụ gốm 104 50V,300,C104-BLK,9999,100,,,
banlinhkien,IC NE555,4200,NE555-BLK,150,1,,,
banlinhkien,LED 5mm đỏ,450,LED-BLK,9999,50,,,
